[
  {
    "model": "board.position",
    "pk": 1,
    "fields": {
      "name": "Manager"
    }
  },
  {
    "model": "board.position",
    "pk": 2,
    "fields": {
      "name": "Developer"
    }
  },
  {
    "model": "board.tasktype",
    "pk": 1,
    "fields": {
      "name": "Feature"
    }
  },
  {
    "model": "board.tasktype",
    "pk": 2,
    "fields": {
      "name": "Bug"
    }
  },
  {
    "model": "board.worker",
    "pk": 1,
    "fields": {
      "username": "john_doe",
      "password": "",
      "first_name": "John",
      "last_name": "Doe",
      "email": "john@example.com",
      "position": 1,
      "avatar": null
    }
  },
  {
    "model": "board.worker",
    "pk": 2,
    "fields": {
      "username": "jane_smith",
      "password": "",
      "first_name": "Jane",
      "last_name": "Smith",
      "email": "jane@example.com",
      "position": 2,
      "avatar": null
    }
  },
  {
    "model": "board.team",
    "pk": 1,
    "fields": {
      "name": "Development Team 1",
      "members": [1, 2]
    }
  },
  {
    "model": "board.team",
    "pk": 2,
    "fields": {
      "name": "Development Team 2",
      "members": [1]
    }
  },
  {
    "model": "board.board",
    "pk": 1,
    "fields": {
      "name": "Main Board 1",
      "project": 1,
      "color": "#FFFFFF"
    }
  },
  {
    "model": "board.board",
    "pk": 2,
    "fields": {
      "name": "Main Board 2",
      "project": 1,
      "color": "#FFFFFF"
    }
  },
  {
    "model": "board.board",
    "pk": 3,
    "fields": {
      "name": "Main Board 3",
      "project": 1,
      "color": "#FFFFFF"
    }
  },
  {
    "model": "board.project",
    "pk": 1,
    "fields": {
      "name": "E-Commerce Platform",
      "team": 1,
      "description": "Develop an e-commerce platform for online shopping.",
      "deadline": "2024-12-31",
      "is_completed": false,
      "owner": 1
    }
  },
  {
    "model": "board.project",
    "pk": 2,
    "fields": {
      "name": "Social Media App",
      "team": 2,
      "description": "Build a social media application for sharing and connecting.",
      "deadline": "2024-12-31",
      "is_completed": false,
      "owner": 1
    }
  },
  {
    "model": "board.attachment",
    "pk": 1,
    "fields": {
      "name": "Sample Attachment",
      "file": "attachments/sample.txt"
    }
  },
  {
    "model": "board.task",
    "pk": 1,
    "fields": {
      "name": "Implement shopping cart",
      "board": 1,
      "description": "Implement shopping cart functionality for the e-commerce platform",
      "deadline": "2024-04-15",
      "is_completed": false,
      "priority": "High",
      "task_type": 1,
      "assignees": [1],
      "attachments": []
    }
  },
  {
    "model": "board.task",
    "pk": 2,
    "fields": {
      "name": "Fix payment gateway issue",
      "board": 2,
      "description": "Fix the issue with the payment gateway causing failed transactions",
      "deadline": "2024-04-10",
      "is_completed": false,
      "priority": "Urgent",
      "task_type": 2,
      "assignees": [2],
      "attachments": [1]
    }
  },
  {
    "model": "board.task",
    "pk": 3,
    "fields": {
      "name": "Implement user authentication",
      "board": 3,
      "description": "Implement user authentication for the e-commerce platform",
      "deadline": "2024-04-20",
      "is_completed": false,
      "priority": "Medium",
      "task_type": 1,
      "assignees": [1, 2],
      "attachments": []
    }
  },
  {
    "model": "board.task",
    "pk": 4,
    "fields": {
      "name": "Optimize product search",
      "board": 3,
      "description": "Optimize product search for better performance and relevance",
      "deadline": "2024-04-25",
      "is_completed": false,
      "priority": "Low",
      "task_type": 1,
      "assignees": [1],
      "attachments": []
    }
  },
  {
    "model": "board.board",
    "pk": 4,
    "fields": {
      "name": "Main Board 4",
      "project": 2,
      "color": "#FFFFFF"
    }
  },
  {
    "model": "board.board",
    "pk": 5,
    "fields": {
      "name": "Main Board 5",
      "project": 2,
      "color": "#FFFFFF"
    }
  },
  {
    "model": "board.board",
    "pk": 6,
    "fields": {
      "name": "Main Board 6",
      "project": 2,
      "color": "#FFFFFF"
    }
  },
  {
    "model": "board.task",
    "pk": 5,
    "fields": {
      "name": "Implement news feed",
      "board": 4,
      "description": "Implement news feed functionality for the social media app",
      "deadline": "2024-05-01",
      "is_completed": false,
      "priority": "High",
      "task_type": 1,
      "assignees": [1, 2],
      "attachments": []
    }
  },
  {
    "model": "board.task",
    "pk": 6,
    "fields": {
      "name": "Fix image upload issue",
      "board": 5,
      "description": "Fix the issue with image uploads causing corruption",
      "deadline": "2024-04-25",
      "is_completed": false,
      "priority": "Urgent",
      "task_type": 2,
      "assignees": [2],
      "attachments": []
    }
  },
  {
    "model": "board.task",
    "pk": 7,
    "fields": {
      "name": "Implement messaging system",
      "board": 6,
      "description": "Implement a messaging system for the social media app",
      "deadline": "2024-05-10",
      "is_completed": false,
      "priority": "Medium",
      "task_type": 1,
      "assignees": [1],
      "attachments": []
    }
  },
  {
    "model": "board.task",
    "pk": 8,
    "fields": {
      "name": "Optimize database queries",
      "board": 6,
      "description": "Optimize database queries for better performance",
      "deadline": "2024-05-15",
      "is_completed": false,
      "priority": "Low",
      "task_type": 1,
      "assignees": [2],
      "attachments": []
    }
  },
  {
    "model": "board.team",
    "pk": 3,
    "fields": {
      "name": "Development Team 3",
      "members": [2]
    }
  },
  {
    "model": "board.project",
    "pk": 3,
    "fields": {
      "name": "Healthcare Management System",
      "team": 3,
      "description": "Develop a healthcare management system for hospitals and clinics.",
      "deadline": "2024-12-31",
      "is_completed": false,
      "owner": 1
    }
  },
  {
    "model": "board.board",
    "pk": 7,
    "fields": {
      "name": "Main Board 7",
      "project": 3,
      "color": "#FFFFFF"
    }
  },
  {
    "model": "board.board",
    "pk": 8,
    "fields": {
      "name": "Main Board 8",
      "project": 3,
      "color": "#FFFFFF"
    }
  },
  {
    "model": "board.board",
    "pk": 9,
    "fields": {
      "name": "Main Board 9",
      "project": 3,
      "color": "#FFFFFF"
    }
  },
  {
    "model": "board.task",
    "pk": 9,
    "fields": {
      "name": "Implement patient records",
      "board": 7,
      "description": "Implement patient records functionality for the healthcare management system",
      "deadline": "2024-05-20",
      "is_completed": false,
      "priority": "High",
      "task_type": 1,
      "assignees": [1, 2],
      "attachments": []
    }
  },
  {
    "model": "board.task",
    "pk": 10,
    "fields": {
      "name": "Fix appointment scheduling issue",
      "board": 8,
      "description": "Fix the issue with appointment scheduling causing conflicts",
      "deadline": "2024-05-15",
      "is_completed": false,
      "priority": "Urgent",
      "task_type": 2,
      "assignees": [2],
      "attachments": [1]
    }
  },
  {
    "model": "board.task",
    "pk": 11,
    "fields": {
      "name": "Implement billing module",
      "board": 9,
      "description": "Implement billing module for the healthcare management system",
      "deadline": "2024-06-01",
      "is_completed": false,
      "priority": "Medium",
      "task_type": 1,
      "assignees": [1],
      "attachments": []
    }
  },
  {
    "model": "board.task",
    "pk": 12,
    "fields": {
      "name": "Optimize database performance",
      "board": 9,
      "description": "Optimize database performance for better response times",
      "deadline": "2024-06-10",
      "is_completed": false,
      "priority": "Low",
      "task_type": 1,
      "assignees": [2],
      "attachments": []
    }
  },
  {
    "model": "board.project",
    "pk": 4,
    "fields": {
      "name": "Cryptocurrency Trading Platform",
      "team": 3,
      "description": "Build a platform for trading and managing cryptocurrencies.",
      "deadline": "2024-12-31",
      "is_completed": false,
      "owner": 1
    }
  },
  {
    "model": "board.board",
    "pk": 10,
    "fields": {
      "name": "Main Board 10",
      "project": 4,
      "color": "#FFFFFF"
    }
  },
  {
    "model": "board.board",
    "pk": 11,
    "fields": {
      "name": "Main Board 11",
      "project": 4,
      "color": "#FFFFFF"
    }
  },
  {
    "model": "board.board",
    "pk": 12,
    "fields": {
      "name": "Main Board 12",
      "project": 4,
      "color": "#FFFFFF"
    }
  },
  {
    "model": "board.task",
    "pk": 13,
    "fields": {
      "name": "Implement wallet management",
      "board": 10,
      "description": "Implement wallet management functionality for the cryptocurrency trading platform",
      "deadline": "2024-06-15",
      "is_completed": false,
      "priority": "High",
      "task_type": 1,
      "assignees": [1, 2],
      "attachments": []
    }
  },
  {
    "model": "board.task",
    "pk": 14,
    "fields": {
      "name": "Fix security vulnerability",
      "board": 11,
      "description": "Fix the security vulnerability found during penetration testing",
      "deadline": "2024-06-10",
      "is_completed": false,
      "priority": "Urgent",
      "task_type": 2,
      "assignees": [2],
      "attachments": []
    }
  },
  {
    "model": "board.task",
    "pk": 15,
    "fields": {
      "name": "Implement trading bot",
      "board": 12,
      "description": "Implement a trading bot for automated trading",
      "deadline": "2024-07-01",
      "is_completed": false,
      "priority": "Medium",
      "task_type": 1,
      "assignees": [1],
      "attachments": []
    }
  },
  {
    "model": "board.task",
    "pk": 16,
    "fields": {
      "name": "Optimize order execution",
      "board": 12,
      "description": "Optimize order execution for better performance and speed",
      "deadline": "2024-07-15",
      "is_completed": false,
      "priority": "Low",
      "task_type": 1,
      "assignees": [2],
      "attachments": []
    }
  },
  {
    "model": "board.project",
    "pk": 5,
    "fields": {
      "name": "Educational Platform",
      "team": 3,
      "description": "Develop an online educational platform for courses and e-learning.",
      "deadline": "2024-12-31",
      "is_completed": false,
      "owner": 1
    }
  },
  {
    "model": "board.board",
    "pk": 13,
    "fields": {
      "name": "Main Board 13",
      "project": 5,
      "color": "#FFFFFF"
    }
  },
  {
    "model": "board.board",
    "pk": 14,
    "fields": {
      "name": "Main Board 14",
      "project": 5,
      "color": "#FFFFFF"
    }
  },
  {
    "model": "board.board",
    "pk": 15,
    "fields": {
      "name": "Main Board 15",
      "project": 5,
      "color": "#FFFFFF"
    }
  },
 {
   "model": "board.task",
   "pk": 17,
   "fields": {
     "name": "Implement course management",
     "board": 13,
     "description": "Implement course management functionality for the educational platform",
     "deadline": "2024-07-20",
     "is_completed": false,
     "priority": "High",
     "task_type": 1,
     "assignees": [1, 2],
     "attachments": []
   }
 },
 {
   "model": "board.task",
   "pk": 18,
   "fields": {
     "name": "Fix video streaming issue",
     "board": 14,
     "description": "Fix the issue with video streaming causing buffering and quality drops",
     "deadline": "2024-07-15",
     "is_completed": false,
     "priority": "Urgent",
     "task_type": 2,
     "assignees": [2],
     "attachments": [1]
   }
 },
 {
   "model": "board.task",
   "pk": 19,
   "fields": {
     "name": "Implement virtual classroom",
     "board": 15,
     "description": "Implement a virtual classroom for live lectures and collaboration",
     "deadline": "2024-08-01",
     "is_completed": false,
     "priority": "Medium",
     "task_type": 1,
     "assignees": [1],
     "attachments": []
   }
 },
 {
   "model": "board.task",
   "pk": 20,
   "fields": {
     "name": "Optimize content delivery",
     "board": 15,
     "description": "Optimize content delivery for better performance and faster loading times",
     "deadline": "2024-08-15",
     "is_completed": false,
     "priority": "Low",
     "task_type": 1,
     "assignees": [2],
     "attachments": []
   }
 }
]